id;first_name;last_name;email;phone_number;zona
1;Kirsten;Shields;Breanne_Cormier52@yahoo.com;Solutions Yemeni Rial;Rustic
2;Marina;Daugherty;Jeromy.Rippin16@yahoo.com;Designer Assistant Human;system Mission Wisconsin
3;Myles;Huels;Julius_Bernier@gmail.com;Manat Networked Route;quantify initiative
4;Lora;Mitchell;Isai.Ledner20@hotmail.com;Saudi Arabia;benchmark extranet alarm
5;Nakia;Pacocha;Eugenia94@hotmail.com;Fully-configurable United States Minor Outlying Islands;overriding even-keeled
6;Celine;Pfeffer;Arthur76@gmail.com;digital Practical Metal Mouse Developer;redundant Brunei Darussalam hack
7;Max;Luettgen;Hardy34@yahoo.com;Central African Republic;revolutionize
8;Lacey;Gutmann;Taryn.Schiller48@hotmail.com;GB Global XML;modular Regional input
9;Hosea;Conn;Burley.Stiedemann15@hotmail.com;out-of-the-box;El Salvador Colon US Dollar Designer neutral
10;Tracy;O'Hara;Madisen76@gmail.com;heuristic Designer;Danish Krone facilitate
